{
  "name": "shingiittai_editor",
  "objects": {
    "enemy": {
      "position": [
        0.0,
        0.0,
        10.0
      ],
      "rotation": [
        0.0,
        0.0,
        0.0,
        1.0
      ],
      "scale": [
        1.0,
        1.0,
        1.0
      ]
    },
    "player": {
      "position": [
        7.5,
        4.449999809265137,
        0.0
      ],
      "rotation": [
        0.0,
        -0.5317681431770325,
        0.0,
        0.8468899726867676
      ],
      "scale": [
        1.7799999713897705,
        0.7900000214576721,
        1.8600000143051147
      ]
    }
  }
}