{
  "Camera": {
    "Distance": 9.5,
    "Follow Speed": 12.458999633789063,
    "Free Move Speed": 4.5,
    "Height": 10.190999984741211
  },
  "Lighting": {
    "Ambient Strength": 0.20000000298023224,
    "Point Light 0 Intensity": 2.6549999713897705,
    "Point Light 1 Intensity": 5.0
  },
  "Placement": {
    "Floor Scale": 1.0,
    "Marker Scale": 0.5,
    "Tile Size": 1.0729999542236328,
    "Wall Height": 0.9150000214576721,
    "Wall Width": 0.8199999928474426
  },
  "Player": {
    "Jump Strength": 6.0,
    "Move Speed": 4.0
  },
  "Post Effect": {
    "Radial Blur Strength": 0.15000000596046448,
    "Random Strength": 0.0
  },
  "Renderer": {
    "Use Deferred Rendering": true
  }
}